﻿<?xml version="1.0" encoding="utf-8" ?>
<!-- Список пользователей и доступных им подразделений -->
<Users>
  <!-- 
  Пользователь:
  - Name - логин или учетная запись
  - Password - пароль - только при базовой аутентификации, для Windows-аутентификации не нужен
  -->
  <User Name="aaa" Password="bbb">
    <!-- список доступных подразделений -->
    <Departments>
      <!--
      Подразделение:
      - Id - идентификатор Парсек - значение поля [Parsec3].[dbo].[ORGANIZATION].[ORG_ID]
          1B0034E4-07A8-4E86-8C0F-2FD25ABB214D = Центр информ.технологий
      -->
      <Department Id="1B0034E4-07A8-4E86-8C0F-2FD25ABB214D" />
      <Department Id="1B0034E4-07A8-4E86-8C0F-2FD25ABB214D" />
    </Departments>
    <!-- Вложенные подразделения, которые необходимо исключить из отображения -->
    <ExcludeDepartments>
      <Department Id="1B0034E4-07A8-4E86-8C0F-2FD25ABB214D" />
      <Department Id="1B0034E4-07A8-4E86-8C0F-2FD25ABB214D" />
    </ExcludeDepartments>
    <!-- Список людей, которых необходимо исключить из отображения -->
    <ExcludePersons>
      <Person Id="1B0034E4-07A8-4E86-8C0F-2FD25ABB214D" />
      <Person Id="1B0034E4-07A8-4E86-8C0F-2FD25ABB214D" />
    </ExcludePersons>
  </User>
  <User Name="aaa" Password="bbb">
    <Departments>
      <Department Id="1B0034E4-07A8-4E86-8C0F-2FD25ABB214D" />
      <Department Id="1B0034E4-07A8-4E86-8C0F-2FD25ABB214D" />
    </Departments>
  </User>
  <User Name="aaa" Password="bbb">
    <Departments>
      <Department Id="1B0034E4-07A8-4E86-8C0F-2FD25ABB214D" />
    </Departments>
  </User>
</Users>
