﻿<?xml version="1.0" encoding="utf-8"?>
<Medicaments PharmacyShopId="2">
  <Companies>
    <Company Id="00F1B332-8536-43F0-9FA3-5C575AAC5CD9" Name="meda Pharma GmbH &amp; Co.KG" CountryCode="276" />
    <Company Id="1F8FEA61-282A-49B2-84D8-045D351E49C5" Name="test" CountryCode="643" Address="Адрес" />
  </Companies>
  <MedicamentsReference>
    <Medicament Id="00AD9EF8-546A-470C-92AD-8823824AD401" Name="Гуанексил" PharmacologyId="1.1.4" />
    <Medicament Id="08F2C3FD-C2A2-4CCC-A45B-80FCAE148F41" Name="Гексопреналин" PharmacologyId="1.2.3" />
  </MedicamentsReference>
  <DosageForms>
    <DosageForm Id="1" Name="Таблетки" />
    <DosageForm Id="2" Name="Жидкость" />
  </DosageForms>
  <Data>
    <DataItem MedicamentId="00AD9EF8-546A-470C-92AD-8823824AD401" CompanyId="00F1B332-8536-43F0-9FA3-5C575AAC5CD9" DosageFormId="1" Count="10" Price="123.45" />
    <DataItem MedicamentId="08F2C3FD-C2A2-4CCC-A45B-80FCAE148F41" CompanyId="00F1B332-8536-43F0-9FA3-5C575AAC5CD9" DosageFormId="2" Count="0.5" Price="234.5" />
  </Data>
</Medicaments>