﻿<?xml version="1.0" encoding="utf-8"?>
<wsdl:definitions xmlns:tm="http://microsoft.com/wsdl/mime/textMatching/" xmlns:soapenc="http://schemas.xmlsoap.org/soap/encoding/" xmlns:mime="http://schemas.xmlsoap.org/wsdl/mime/" xmlns:tns="http://zxzxmolchanov.com/medicaments/soap/add" xmlns:soap="http://schemas.xmlsoap.org/wsdl/soap/" xmlns:s="http://www.w3.org/2001/XMLSchema" xmlns:soap12="http://schemas.xmlsoap.org/wsdl/soap12/" xmlns:http="http://schemas.xmlsoap.org/wsdl/http/" targetNamespace="http://zxzxmolchanov.com/medicaments/soap/add" xmlns:wsdl="http://schemas.xmlsoap.org/wsdl/">
  <wsdl:types>
    <s:schema elementFormDefault="qualified" targetNamespace="http://zxzxmolchanov.com/medicaments/soap/add">
      <s:element name="AddMedicaments">
        <s:complexType>
          <s:sequence>
            <s:element minOccurs="0" maxOccurs="1" name="medicamentsData" type="tns:MedicamentsData" />
          </s:sequence>
        </s:complexType>
      </s:element>
      <s:complexType name="MedicamentsData">
        <s:sequence>
          <s:element minOccurs="1" maxOccurs="1" name="PharmacyShopId" type="s:int" />
          <s:element minOccurs="0" maxOccurs="1" name="Companies" type="tns:ArrayOfCompany" />
          <s:element minOccurs="0" maxOccurs="1" name="Medicaments" type="tns:ArrayOfMedicament" />
          <s:element minOccurs="0" maxOccurs="1" name="DosageForms" type="tns:ArrayOfIdNameObject" />
          <s:element minOccurs="0" maxOccurs="1" name="Data" type="tns:ArrayOfDataItem" />
        </s:sequence>
      </s:complexType>
      <s:complexType name="ArrayOfCompany">
        <s:sequence>
          <s:element minOccurs="0" maxOccurs="unbounded" name="Company" nillable="true" type="tns:Company" />
        </s:sequence>
      </s:complexType>
      <s:complexType name="Company">
        <s:complexContent mixed="false">
          <s:extension base="tns:IdNameObject">
            <s:sequence>
              <s:element minOccurs="1" maxOccurs="1" name="CountryCode" type="s:int" />
              <s:element minOccurs="0" maxOccurs="1" name="Address" type="s:string" />
            </s:sequence>
          </s:extension>
        </s:complexContent>
      </s:complexType>
      <s:complexType name="IdNameObject">
        <s:sequence>
          <s:element minOccurs="0" maxOccurs="1" name="Code" type="s:string" />
          <s:element minOccurs="0" maxOccurs="1" name="Name" type="s:string" />
        </s:sequence>
      </s:complexType>
      <s:complexType name="Medicament">
        <s:complexContent mixed="false">
          <s:extension base="tns:IdNameObject">
            <s:sequence>
              <s:element minOccurs="0" maxOccurs="1" name="PharmacologyId" type="s:string" />
            </s:sequence>
          </s:extension>
        </s:complexContent>
      </s:complexType>
      <s:complexType name="ArrayOfMedicament">
        <s:sequence>
          <s:element minOccurs="0" maxOccurs="unbounded" name="Medicament" nillable="true" type="tns:Medicament" />
        </s:sequence>
      </s:complexType>
      <s:complexType name="ArrayOfIdNameObject">
        <s:sequence>
          <s:element minOccurs="0" maxOccurs="unbounded" name="IdNameObject" nillable="true" type="tns:IdNameObject" />
        </s:sequence>
      </s:complexType>
      <s:complexType name="ArrayOfDataItem">
        <s:sequence>
          <s:element minOccurs="0" maxOccurs="unbounded" name="DataItem" nillable="true" type="tns:DataItem" />
        </s:sequence>
      </s:complexType>
      <s:complexType name="DataItem">
        <s:sequence>
          <s:element minOccurs="0" maxOccurs="1" name="MedicamentId" type="s:string" />
          <s:element minOccurs="0" maxOccurs="1" name="CompanyId" type="s:string" />
          <s:element minOccurs="0" maxOccurs="1" name="DosageFormId" type="s:string" />
          <s:element minOccurs="1" maxOccurs="1" name="Count" type="s:decimal" />
          <s:element minOccurs="1" maxOccurs="1" name="Price" type="s:decimal" />
        </s:sequence>
      </s:complexType>
      <s:element name="AddMedicamentsResponse">
        <s:complexType />
      </s:element>
      <s:element name="GetDosageForms">
        <s:complexType />
      </s:element>
      <s:element name="GetDosageFormsResponse">
        <s:complexType>
          <s:sequence>
            <s:element minOccurs="0" maxOccurs="1" name="GetDosageFormsResult" type="tns:ArrayOfIdNameObject" />
          </s:sequence>
        </s:complexType>
      </s:element>
      <s:element name="GetPharmacologicalClassifier">
        <s:complexType />
      </s:element>
      <s:element name="GetPharmacologicalClassifierResponse">
        <s:complexType>
          <s:sequence>
            <s:element minOccurs="0" maxOccurs="1" name="GetPharmacologicalClassifierResult" type="tns:ArrayOfIdNameObject" />
          </s:sequence>
        </s:complexType>
      </s:element>
      <s:element name="GetPharmacyShopsByUser">
        <s:complexType />
      </s:element>
      <s:element name="GetPharmacyShopsByUserResponse">
        <s:complexType>
          <s:sequence>
            <s:element minOccurs="0" maxOccurs="1" name="GetPharmacyShopsByUserResult" type="tns:ArrayOfPharmacyShopInfo" />
          </s:sequence>
        </s:complexType>
      </s:element>
      <s:complexType name="ArrayOfPharmacyShopInfo">
        <s:sequence>
          <s:element minOccurs="0" maxOccurs="unbounded" name="PharmacyShopInfo" nillable="true" type="tns:PharmacyShopInfo" />
        </s:sequence>
      </s:complexType>
      <s:complexType name="PharmacyShopInfo">
        <s:sequence>
          <s:element minOccurs="1" maxOccurs="1" name="PharmacyShopId" type="s:int" />
          <s:element minOccurs="0" maxOccurs="1" name="PharmacyName" type="s:string" />
          <s:element minOccurs="0" maxOccurs="1" name="Address" type="s:string" />
          <s:element minOccurs="0" maxOccurs="1" name="Phones" type="s:string" />
        </s:sequence>
      </s:complexType>
    </s:schema>
  </wsdl:types>
  <wsdl:message name="AddMedicamentsSoapIn">
    <wsdl:part name="parameters" element="tns:AddMedicaments" />
  </wsdl:message>
  <wsdl:message name="AddMedicamentsSoapOut">
    <wsdl:part name="parameters" element="tns:AddMedicamentsResponse" />
  </wsdl:message>
  <wsdl:message name="GetDosageFormsSoapIn">
    <wsdl:part name="parameters" element="tns:GetDosageForms" />
  </wsdl:message>
  <wsdl:message name="GetDosageFormsSoapOut">
    <wsdl:part name="parameters" element="tns:GetDosageFormsResponse" />
  </wsdl:message>
  <wsdl:message name="GetPharmacologicalClassifierSoapIn">
    <wsdl:part name="parameters" element="tns:GetPharmacologicalClassifier" />
  </wsdl:message>
  <wsdl:message name="GetPharmacologicalClassifierSoapOut">
    <wsdl:part name="parameters" element="tns:GetPharmacologicalClassifierResponse" />
  </wsdl:message>
  <wsdl:message name="GetPharmacyShopsByUserSoapIn">
    <wsdl:part name="parameters" element="tns:GetPharmacyShopsByUser" />
  </wsdl:message>
  <wsdl:message name="GetPharmacyShopsByUserSoapOut">
    <wsdl:part name="parameters" element="tns:GetPharmacyShopsByUserResponse" />
  </wsdl:message>
  <wsdl:portType name="AddMedicamentsWebServiceSoap">
    <wsdl:operation name="AddMedicaments">
      <wsdl:input message="tns:AddMedicamentsSoapIn" />
      <wsdl:output message="tns:AddMedicamentsSoapOut" />
    </wsdl:operation>
    <wsdl:operation name="GetDosageForms">
      <wsdl:input message="tns:GetDosageFormsSoapIn" />
      <wsdl:output message="tns:GetDosageFormsSoapOut" />
    </wsdl:operation>
    <wsdl:operation name="GetPharmacologicalClassifier">
      <wsdl:input message="tns:GetPharmacologicalClassifierSoapIn" />
      <wsdl:output message="tns:GetPharmacologicalClassifierSoapOut" />
    </wsdl:operation>
    <wsdl:operation name="GetPharmacyShopsByUser">
      <wsdl:input message="tns:GetPharmacyShopsByUserSoapIn" />
      <wsdl:output message="tns:GetPharmacyShopsByUserSoapOut" />
    </wsdl:operation>
  </wsdl:portType>
  <wsdl:binding name="AddMedicamentsWebServiceSoap" type="tns:AddMedicamentsWebServiceSoap">
    <soap:binding transport="http://schemas.xmlsoap.org/soap/http" />
    <wsdl:operation name="AddMedicaments">
      <soap:operation soapAction="http://zxzxmolchanov.com/medicaments/soap/add/AddMedicaments" style="document" />
      <wsdl:input>
        <soap:body use="literal" />
      </wsdl:input>
      <wsdl:output>
        <soap:body use="literal" />
      </wsdl:output>
    </wsdl:operation>
    <wsdl:operation name="GetDosageForms">
      <soap:operation soapAction="http://zxzxmolchanov.com/medicaments/soap/add/GetDosageForms" style="document" />
      <wsdl:input>
        <soap:body use="literal" />
      </wsdl:input>
      <wsdl:output>
        <soap:body use="literal" />
      </wsdl:output>
    </wsdl:operation>
    <wsdl:operation name="GetPharmacologicalClassifier">
      <soap:operation soapAction="http://zxzxmolchanov.com/medicaments/soap/add/GetPharmacologicalClassifier" style="document" />
      <wsdl:input>
        <soap:body use="literal" />
      </wsdl:input>
      <wsdl:output>
        <soap:body use="literal" />
      </wsdl:output>
    </wsdl:operation>
    <wsdl:operation name="GetPharmacyShopsByUser">
      <soap:operation soapAction="http://zxzxmolchanov.com/medicaments/soap/add/GetPharmacyShopsByUser" style="document" />
      <wsdl:input>
        <soap:body use="literal" />
      </wsdl:input>
      <wsdl:output>
        <soap:body use="literal" />
      </wsdl:output>
    </wsdl:operation>
  </wsdl:binding>
  <wsdl:binding name="AddMedicamentsWebServiceSoap12" type="tns:AddMedicamentsWebServiceSoap">
    <soap12:binding transport="http://schemas.xmlsoap.org/soap/http" />
    <wsdl:operation name="AddMedicaments">
      <soap12:operation soapAction="http://zxzxmolchanov.com/medicaments/soap/add/AddMedicaments" style="document" />
      <wsdl:input>
        <soap12:body use="literal" />
      </wsdl:input>
      <wsdl:output>
        <soap12:body use="literal" />
      </wsdl:output>
    </wsdl:operation>
    <wsdl:operation name="GetDosageForms">
      <soap12:operation soapAction="http://zxzxmolchanov.com/medicaments/soap/add/GetDosageForms" style="document" />
      <wsdl:input>
        <soap12:body use="literal" />
      </wsdl:input>
      <wsdl:output>
        <soap12:body use="literal" />
      </wsdl:output>
    </wsdl:operation>
    <wsdl:operation name="GetPharmacologicalClassifier">
      <soap12:operation soapAction="http://zxzxmolchanov.com/medicaments/soap/add/GetPharmacologicalClassifier" style="document" />
      <wsdl:input>
        <soap12:body use="literal" />
      </wsdl:input>
      <wsdl:output>
        <soap12:body use="literal" />
      </wsdl:output>
    </wsdl:operation>
    <wsdl:operation name="GetPharmacyShopsByUser">
      <soap12:operation soapAction="http://zxzxmolchanov.com/medicaments/soap/add/GetPharmacyShopsByUser" style="document" />
      <wsdl:input>
        <soap12:body use="literal" />
      </wsdl:input>
      <wsdl:output>
        <soap12:body use="literal" />
      </wsdl:output>
    </wsdl:operation>
  </wsdl:binding>
  <wsdl:service name="AddMedicamentsWebService">
    <wsdl:port name="AddMedicamentsWebServiceSoap" binding="tns:AddMedicamentsWebServiceSoap">
      <soap:address location="http://localhost:60952/AddMedicamentsWebService.asmx" />
    </wsdl:port>
    <wsdl:port name="AddMedicamentsWebServiceSoap12" binding="tns:AddMedicamentsWebServiceSoap12">
      <soap12:address location="http://localhost:60952/AddMedicamentsWebService.asmx" />
    </wsdl:port>
  </wsdl:service>
</wsdl:definitions>