﻿<ReportFO xmlns="http://drg1c/launchboxes/FOrepotrs" xmlns:xs="http://www.w3.org/2001/XMLSchema" xmlns:xsi="http://www.w3.org/2001/XMLSchema-instance" Date="2018-04-04T15:29:55" PeriodBegin="2018-04-04T00:00:00" PeriodEnd="2018-04-04T23:59:59">
	<Reports>
		<Report Number="000000005" Date="2018-04-04T15:29:55" N="35">
			<Record ID="e7f1c94b-3129-4c5b-be43-caf63f52ef92" Nomenclature="00-00003109" Unit="796 " Price="28.45" Count="1" Sum="28.45" Payment="00000002   "/>
			<Record ID="ae686d52-662c-4776-8e3b-5cf4ed1e0f01" Nomenclature="00-00003656" Unit="796 " Price="1.33" Count="1" Sum="1.33" Payment="00000002   "/>
			<Record ID="f1657cbd-a72a-4a76-a6d5-cc488132a2d2" Nomenclature="00-00003822" Unit="796 " Price="29.13" Count="1" Sum="29.13" Payment="00000002   "/>
			<Record ID="809c5ce2-deb4-4ef0-9f52-e9f5b1416e3a" Nomenclature="00-00002618" Unit="796 " Price="33.77" Count="0.5" Sum="16.89" Payment="00000002   "/>
			<Record ID="2e531d52-abad-49fa-a019-2e023394cf3d" Nomenclature="00-00004508" Unit="796 " Price="65.34" Count="1" Sum="65.34" Payment="00000002   "/>
			<Record ID="77dd650b-9c0f-435c-a197-6f92ba2416c2" Nomenclature="00-00002916" Unit="796 " Price="38.74" Count="1" Sum="38.74" Payment="00000002   "/>
			<Record ID="2d5314af-4a61-415a-b4c2-8e9f542d4bdc" Nomenclature="00-00002569" Unit="796 " Price="8.14" Count="5" Sum="40.7" Payment="00000002   "/>
			<Record ID="8660d6b4-d65f-4e35-895e-8017bbb1887a" Nomenclature="00-00004738" Unit="796 " Price="7.19" Count="1" Sum="7.19" Payment="00000002   "/>
			<Record ID="0733031d-4857-4e0b-83cd-f340bb2b95f5" Nomenclature="00-00002629" Unit="796 " Price="2.63" Count="7" Sum="18.41" Payment="00000002   "/>
			<Record ID="7f91f4e4-f8f7-4555-844a-adf699f79281" Nomenclature="00-00003218" Unit="796 " Price="7" Count="2" Sum="14" Payment="00000002   "/>
			<Record ID="c8b3bcfc-b73d-4941-9ff3-94c4398f043e" Nomenclature="00-00000012" Unit="796 " Price="13.13" Count="1" Sum="13.13" Payment="00000002   "/>
			<Record ID="2935951e-f2bd-407f-8388-ea82de8f7ce5" Nomenclature="00-00003612" Unit="796 " Price="10.5" Count="1" Sum="10.5" Payment="00000002   "/>
			<Record ID="1ae15ce3-ae52-40fb-9d6c-27fd5f66049b" Nomenclature="00-00003679" Unit="796 " Price="9.9" Count="1" Sum="9.9" Payment="00000002   "/>
			<Record ID="c2cb7b66-0d7e-4e8b-a899-f987e3ff76b9" Nomenclature="00-00003103" Unit="796 " Price="21.76" Count="1" Sum="21.76" Payment="00000006   "/>
			<Record ID="0b73c030-13f3-4814-8315-f738f8e1ae56" Nomenclature="00-00002978" Unit="796 " Price="44.82" Count="0.5" Sum="22.41" Payment="00000006   "/>
			<Record ID="37e40dd5-64b4-4262-a164-e7c3c01172a5" Nomenclature="00-00004502" Unit="796 " Price="31.34" Count="1" Sum="31.34" Payment="00000006   "/>
			<Record ID="15eff80a-9cb9-4501-b7ac-8327847477f5" Nomenclature="00-00002569" Unit="796 " Price="8.14" Count="2" Sum="16.28" Payment="00000006   "/>
			<Record ID="e4c205cd-1820-4bca-94bc-f44f989e95b2" Nomenclature="00-00002629" Unit="796 " Price="2.63" Count="5" Sum="13.15" Payment="00000006   "/>
			<Record ID="34eec3bc-7ad9-4a80-b60b-cb372ecc70de" Nomenclature="00-00004738" Unit="796 " Price="7.19" Count="4" Sum="28.76" Payment="00000006   "/>
			<Record ID="773d97db-3946-480e-8855-174f53375dda" Nomenclature="00-00000015" Unit="796 " Price="2.49" Count="1" Sum="2.49" Payment="00000006   "/>
			<Record ID="07a2b8b6-1f5c-430b-8f2c-0ddc9eb0b3ca" Nomenclature="00-00000012" Unit="796 " Price="13.13" Count="2" Sum="26.26" Payment="00000006   "/>
			<Record ID="a7b1cd86-c89c-43ef-aa77-25f9a4fe2d0f" Nomenclature="00-00003218" Unit="796 " Price="7" Count="5" Sum="35" Payment="00000006   "/>
			<Record ID="e3430b34-f29b-4bee-a61d-b55c41ec678f" Nomenclature="00-00003622" Unit="796 " Price="1.28" Count="1" Sum="1.28" Payment="00000006   "/>
			<Record ID="37576425-4ea7-40e8-b07c-cca7feb84747" Nomenclature="00-00003109" Unit="796 " Price="28.45" Count="1" Sum="28.45" Payment="00000006   "/>
			<Record ID="aca8c115-7af3-47d5-89a6-3908218a1f08" Nomenclature="00-00003656" Unit="796 " Price="1.33" Count="1" Sum="1.33" Payment="00000006   "/>
			<Record ID="44acf5c7-7a7a-43f1-bf02-1d491945a898" Nomenclature="00-00003822" Unit="796 " Price="29.13" Count="1" Sum="29.13" Payment="00000006   "/>
			<Record ID="a016b7a1-99b6-4fd4-8dec-3614302c760e" Nomenclature="00-00002618" Unit="796 " Price="33.77" Count="0.5" Sum="16.89" Payment="00000006   "/>
			<Record ID="9c9086f1-bd1e-405e-9cdb-fd2f66ee1217" Nomenclature="00-00004508" Unit="796 " Price="65.34" Count="1" Sum="65.34" Payment="00000006   "/>
			<Record ID="6c088cdc-4d3c-46cd-8ce4-5bbba94d3839" Nomenclature="00-00002916" Unit="796 " Price="38.74" Count="1" Sum="38.74" Payment="00000006   "/>
			<Record ID="1076e533-e09e-4b8b-b158-ca4ada7e14a0" Nomenclature="00-00003612" Unit="796 " Price="10.5" Count="1" Sum="10.5" Payment="00000006   "/>
			<Record ID="dd71b1b9-dace-4700-9c46-dd32ec6faa74" Nomenclature="00-00003679" Unit="796 " Price="9.9" Count="1" Sum="9.9" Payment="00000006   "/>
			<Record ID="894d0c0a-8a60-4e79-981c-ec955d3be584" Nomenclature="00-00003584" Unit="796 " Price="0.11" Count="2" Sum="0.22" Payment="00000002   "/>
			<Record ID="de8b88e0-1105-401e-919a-2c23e06f2b04" Nomenclature="00-00003820" Unit="796 " Price="2.02" Count="2" Sum="4.04" Payment="00000002   "/>
			<Record ID="33c08593-9b5f-4cb5-8307-f96b6b22f075" Nomenclature="00-00000015" Unit="796 " Price="2.49" Count="2" Sum="4.98" Payment="00000002   "/>
			<Record ID="4db707bd-e712-4eca-ab5c-8fcc4523942e" Nomenclature="00-00002721" Unit="796 " Price="16.97" Count="1" Sum="16.97" Payment="00000002   "/>
			<Record ID="accd4b0b-7ebe-43d0-b217-460e171a7715" Nomenclature="00-00002825" Unit="796 " Price="25.36" Count="2" Sum="50.72" Payment="00000002   "/>
			<Record ID="aa1233af-891a-44ed-9249-c201da8bb974" Nomenclature="00-00004502" Unit="796 " Price="31.34" Count="4" Sum="125.36" Payment="00000002   "/>
			<Record ID="2855a3bf-b155-45bc-abf0-0093846e7f54" Nomenclature="00-00002721" Unit="796 " Price="16.97" Count="1" Sum="16.97" Payment="00000006   "/>
		</Report>
	</Reports>
	<Departments>
		<Item N="1" Code="00-000028  " Value="САК"/>
		<Item N="2" Code="00-000023  " Value="САК"/>
		<Item N="3" Code="00-000027  " Value="Аммиак"/>
		<Item N="4" Code="00-000022  " Value="Аммиак"/>
	</Departments>
	<Units>
		<Item N="5" Code="868        " Value="бут"/>
		<Item N="6" Code="796        " Value="шт"/>
		<Item N="7" Code="166        " Value="кг"/>
	</Units>
	<Payments>
		<Item N="8" Code="00000001   " Value="Наличные"/>
		<Item N="9" Code="00000002   " Value="ТАЛОН 248"/>
		<Item N="10" Code="00000003   " Value="ТАЛОН 120"/>
		<Item N="11" Code="00000005   " Value="Банк. карта"/>
		<Item N="12" Code="00000006   " Value="В счёт ЗП"/>
	</Payments>
	<Nomenclature>
		<Item N="13" Code="00-00002916" Value="Шницель рыбный натуральный (пикша б/г)"/>
		<Item N="14" Code="00-00004508" Value="Гуляш."/>
		<Item N="15" Code="00-00002825" Value="Колбаса п/к с гарниром (свеж.капуста)."/>
		<Item N="16" Code="00-00002569" Value="Каша пшенная"/>
		<Item N="17" Code="00-00003820" Value="Зеленый горошек порц. 8 гр."/>
		<Item N="18" Code="00-00002629" Value="Хлеб 35 гр."/>
		<Item N="19" Code="00-00003656" Value="Зеленый горошек порц. 6 гр."/>
		<Item N="20" Code="00-00003622" Value="Зеленый горошек порц. 5 гр."/>
		<Item N="21" Code="00-00003822" Value="Бутерброд с сыром и маслом "/>
		<Item N="22" Code="00-00002721" Value="Салат из свежей капусты."/>
		<Item N="23" Code="00-00003103" Value="Салат из квашеной капусты со свеклой."/>
		<Item N="24" Code="00-00003584" Value="Зеленый горошек порц. 1 гр."/>
		<Item N="25" Code="00-00000012" Value="Яйцо вареное"/>
		<Item N="26" Code="00-00003679" Value="Масло сливочное 20 гр."/>
		<Item N="27" Code="00-00002618" Value="Суп молочный рисовый"/>
		<Item N="28" Code="00-00003612" Value="Сыр твердый порц. 20 гр"/>
		<Item N="29" Code="00-00000015" Value="Соус красный основной "/>
		<Item N="30" Code="00-00003109" Value="Салат из крабовых палочек."/>
		<Item N="31" Code="00-00002978" Value="Суп картоф.перловый с рыбн.консервами (приправа) 500/25"/>
		<Item N="32" Code="00-00004502" Value="Котлета."/>
		<Item N="33" Code="00-00003218" Value="Сдоба Новинка "/>
		<Item N="34" Code="00-00004738" Value="Чай разовый (пак.)+сахар в стиках (2 шт.)"/>
	</Nomenclature>
</ReportFO>