﻿<?xml version="1.0" encoding="utf-8"?>
<ReportFO Date="2018-07-25T15:50:26" PeriodBegin="2018-07-25T00:00:00" PeriodEnd="2018-07-25T23:59:59" >
  <Reports>
    <Report N="1" Date="2018-07-25T23:59:04" Number="тест">
      <Record ID="E4024B9F-0952-4EC4-BA67-15824C8CC400" Nomenclature="00-00004503" Unit="796" Price="61.41" Count="2" Sum="122.82" Payment="00000006" />
      <Record ID="EF903906-6F6D-4AE4-B0B6-3D12812E6A18" Nomenclature="00-00002721" Unit="796" Price="17.74" Count="1" Sum="17.74" Payment="00000006" />
      <Record ID="82135239-BF66-43CF-AB74-76E2B12D1FAC" Nomenclature="00-00002721" Unit="796" Price="17.74" Count="2" Sum="35.48" Payment="00000002" />
    </Report>
  </Reports>
  <Departments>
    <Item N="2" Code="00-000027" Value="Аммиак"/>
  </Departments>
  <Units>
    <Item N="3" Code="796" Value="шт"/>
  </Units>
  <Payments>
    <Item N="4" Code="00000002" Value="ТАЛОН 248"/>
    <Item N="5" Code="00000006" Value="В счёт ЗП"/>
  </Payments>
  <Nomenclature>
    <Item N="6" Code="00-00004503" Value="Мясо отварное говядина (гов.1 кат.)"/>
    <Item N="7" Code="00-00002721" Value="Салат из свежей капусты."/>
  </Nomenclature>
</ReportFO>
